SI.NO,PSC:,PRODUCT/PARTS,COMPLAINT,CHECK-1,ACTION,CHECK-2,ACTION,CHECK-3,ACTION,CHECK-4,ACTION,CHECK-5,ACTION,CHECK-6,ACTION,CHECK-7,ACTION,CHECK-8,ACTION,CHECK-9,ACTION,CHECK-10,ACTION,CHECK-11,ACTION,CHECK-12,ACTION
 ,,VIBRO,NOT WORKING (NOT ON LED),CHECK THE FUSE,REPLACE FUSE,CHECK THE POWER SUPPLY,REPLACE POWER SUPPLY,CHECK THE SUPPLY VOLTAGE (11v TO 14V),REPLACE POWER SUPPLY,CHECK THE GUN ELEMENT SHORT,REPLACE THE GUN,REPLACE THE DC CONNECTOR,CHECK THE STIRRER BOARD,REPLACE THE STIRRER BOARD,,,,,,,,,,,,,
,,,NOT WORKING (LED JUST ON AND OFF),CHECK THE GUN ELEMENT SHORT,REPLACE THE GUN,CHECK DC CONNECTOR,REPLACE THE DC CONNECTOR,CHECK THE STIRRER BOARD,REPLACE THE STIRRER BOARD,,,,,,,,,,,,,,,,,,
,,,MACHINE ON BUT THE VIBRATION NOT PRESENT,CHECK THE SUPPLY VOLTAGE (11v TO 14V),REPLACE POWER SUPPLY,CHECK THE GUN ELEMENT SHORT,REPLACE THE GUN,CHECK THE FREQ.POT AND CABLE,REPLACE THE FREQ.POT,CHECK THE STIRRER BOARD,REPLACE THE STIRRER BOARD,,,,,,,,,,,,,,,,
,,,MACHINE CONTINIOUSLY VIBRATING,CHECK THE TIMER POT. AND CABLE,REPLACE THE TIMER POT.,CHECK THE STIRRER BOARD,REPLACE THE STIRRER BOARD,,,,,,,,,,,,,,,,,,,,
,,,LOW VIBRATION,CHECK THE SUPPLY VOLTAGE (11v TO 14V),REPLACE POWER SUPPLY,CHECK THE FREQ.POT AND CABLE,REPLACE THE FREQ.POT,CHECK THE STIRRER BOARD FREQ.TRIMPOT ADJUST,ADJUST THE FREQ.TRIMPOT,CHECK THE STIRRER BOARD,REPLACE THE STIRRER BOARD,,,,,,,,,,,,,,,,
,,,VIBRATION INDICATION LED NOT WORKING,CHECK THE LED IS WORKING AND CHECK THE CONNECTING CABLE QUALITY,REPLACE THE LED AND CABLE ASSY.,CHECK THE VOLTAGE OF THE INDICATION LINE,REPLACE THE STIRRER BOARD,,,,,,,,,,,,,,,,,,,,
,,,POWER LED NOT WORKING,CHECK THE LED IS WORKING AND CHECK THE CONNECTING CABLE QUALITY,REPLACE THE LED AND CABLE ASSY.,CHECK THE VOLTAGE OF THE INDICATION LINE,REPLACE THE STIRRER BOARD,,,,,,,,,,,,,,,,,,,,
,,,STIRRER WORKING ONLY THE ADAPTER PLUGGING TIME.(VOBRO NOT WORKING BY THE PUSH SWITCH),CHECK THE KEY FUNCTIONALITY AND CABLE ASSY. QUALITY.,REPLACE THE KEY ,CHECK THE STIRRER BOARD,REPLACE THE STIRRER BOARD,,,,,,,,,,,,,,,,,,,,
,,SOLAR CHARGER BOARD,NOT PRESENT THE  BATTERY CHARGING VOLTAGE - 0V,CHECK THE CHARGER ADAPTER VOLTAGES - 12.5V AND 24V,REPLACED THE CHARGER ADAPTER,CHECK THE CHARGER FUSE,REPLACE THE FUSE,CHECK THE CHARGER ADAPTER TO SOLARCHARGER BOARD WIRING,,CHECK THE SOLAR CHARGER BOARD COMPONENTS DAMAGE,REPLACE THE SOLAR CHARGER BOARD,,,,,,,,,,,,,,,,
,,,BATTERY CHARGING VOLTAGE IS LOW,CHECK THE CHARGER ADAPTER VOLTAGES - 12.5V AND 24V,REPLACED THE CHARGER ADAPTER,REMOVE THE BATTERY AND CHECK THE VOLTAGE ADJUST TRIM.POT. OF THE SOLAR CHARGER BOARD,REPLACE THE CHARGER BOARD,,,,,,,,,,,,,,,,,,,,
,,,BATTERY CHARGING VOLTAGE IS TOO HIGH,REMOVE THE BATTERY AND CHECK THE VOLTAGE ADJUST TRIM.POT. OF THE SOLAR CHARGER BOARD,REPLACE THE CHARGER BOARD,,,,,,,,,,,,,,,,,,,,,,
,,,BATTERY CHARGING VOLTAGE IS CORRECT BUT BATTERY NOT CHARGING,CHECK THE BATTERY CONDITION,REPLACE THE BATTERY,CHECK THE SOLAR CHARGER BOARD COMPONENTS DAMAGE,REPLACE THE SOLAR CHARGER BOARD,,,,,,,,,,,,,,,,,,,,
,,,BATTERY CHARGING INDICATION LED NOT WORKING,CHECK THE BATTERY CONDITION,REPLACE THE BATTERY,CHECK THE LED IS WORKING AND CHECK THE CONNECTING CABLE QUALITY,REPLACE THE LED AND CABLE ASSY.,CHECK THE VOLTAGE OF THE CURREN INDICATION LINE,REPLACE THE SOLAR CHARGER BOARD,,,,,,,,,,,,,,,,,,
,,,LOW VOLTAGE CUTOFF NOT WORKING,CHECK THE LOW VOLTAGE CUTOFF RELAY(K2) IS WORKING(POWER ON SWITCH SUDDEN ON/OFF/ON),REPLACE THE SOLARCHARGER BOARD,,,,,,,,,,,,,,,,,,,,,,
,,,LOW VOLTAGE CUTOFF LED NOT WORKING,CHECK THE LED IS WORKING AND CHECK THE CONNECTING CABLE QUALITY,REPLACE THE LED AND CABLE ASSY.,CHECK THE VOLTAGE OF THE CUTOFF INDICATION LINE,REPLACE THE SOLAR CHARGER BOARD,,,,,,,,,,,,,,,,,,,,
,,,MACHINE FULL TIME WORKING FROM BATTERY(BATTERY NOT FULL),CHECK THE CHARGER ADAPTER VOLTAGES - 12.5V AND 24V,REPLACE THE CHARGER ADAPTER,CHECK THE SOLAR CHARGER BOARD LOW VOLTAGE SETTING TRIM POT.,REPLACE THE SOLARCHARGER BOARD,CHECK THE CHARGER ADAPTER DETECTION RELAY(K1) IS WORKING,REPLACE THE SOLARCHARGER BOARD,,,,,,,,,,,,,,,,,,
,,,MACHINE NOT WORKING FROM THE EXTERNAL CONNECTED BATTERY,CHECK THE EXTERNAL BATTERY VOLTAGE ABOVE 11.5V,CHARGE THE EXTERNAL BATTERY,CHECK THE RELAY(K1) IS WORKING (USE THE CHARGER ADAPTER),REPLACE THE SOLAR CHARGER BOARD,CHECK THE LOW VOLTAGE CUTOFF TRIM POT. OF THE SOLAR CHARGER BOARD,REPLACE THE SOLAR CHARGER BOARD,,,,,,,,,,,,,,,,,,
,,COMPACT ADAPTER,ADAPTER OUTPUT VOLTAGE IS ZERO (LSE V3/ECO V),CHECK THE STATUS LED IS GLOWING,OPEN THE ADAPTER AND CHECK PCB QUALITY( COMPONENTS BURN OR NOT),CHECK THE AC CORD,REPLACE AC CORD,CHECK THE ADAPTER PCB,REPLACE THE ADAPTER PCB,,,,,,,,,,,,,,,,,,
,,,ADAPTER OUTPUT VOLTAGE IS ZERO (LSE V3/ECO V) BUT LED IS GLOWING,CHECK THE OUTPUT DC CONNECTER OF THE ADAPTER,REPLACE THE OUTPUT DC CABLE,,,,,,,,,,,,,,,,,,,,,,
,,,ADAPTER OUPUT VOLTAGE SHOWING 8V TO 9V (LOW VOLTAGE),OPEN THE ADAPTER AND CHECK PCB QUALITY( COMPONENTS BURN OR NOT),REPLACE THE ADAPTER PCB,REPLACE THE ADAPTER PCB,,,,,,,,,,,,,,,,,,,,,
,,CHARGER ADAPTER,ADAPTER OUTPUT VOLTAGE IS ZERO (LSE-S V3/ECOD/ECOSV),CHECK THE STATUS LED IS GLOWING,OPEN THE ADAPTER AND CHECK PCB QUALITY( COMPONENTS BURN OR NOT),CHECK THE AC CORD,REPLACE AC CORD,CHECK THE CHARGER ADAPTER PCB,REPLACE THE CHARGER ADAPTER PCB,,,,,,,,,,,,,,,,,,
,,,ADAPTER OUTPUT VOLTAGE IS ZERO (LSE-S V3/ECOD/ECOSV) BUT LED IS GLOWING,CHECK THE OUTPUT DC CONNECTER OF THE ADAPTER,REPLACE THE OUTPUT DC CABLE,,,,,,,,,,,,,,,,,,,,,,
,,,ADAPTER OUPUT 12 VOLTAGE SHOWING 8V TO 9V (LOW VOLTAGE) AND 24V IS 24V,OPEN THE ADAPTER AND CHECK PCB QUALITY( COMPONENTS BURN OR NOT),REPLACE THE CHARGER ADAPTER PCB,REPLACE THE CHARGER ADAPTER PCB,,,,,,,,,,,,,,,,,,,,,
,,,ADAPTER OUPUT 12 VOLTAGE SHOWING 12V AND 24V IS  LOW VOLTAGE/ZERO.,OPEN THE ADAPTER AND CHECK PCB QUALITY( COMPONENTS BURN OR NOT),REPLACE THE CHARGER ADAPTER PCB,REPLACE THE CHARGER ADAPTER PCB,,,,,,,,,,,,,,,,,,,,,
,,ECOD-DPST BOARD,"SYTEM ON TIME ""PLEASE WAIT….."" NOTIFICATION CONTINUIOSLY SHOWING",CHECK THE SD CARD IS OK,REPLACE THE SD CARD,,,,,,,,,,,,,,,,,,,,,,
,,,DISPLAY BLANK,CHECK THE DPST BOARD BREATHING LED IS BLINKING,REPLACE THE DPST BOARD,CHECK THE DIRECTION OF THE DISPLAY FRC CABLE CONNECTOR,CONNECT THE FRC CONNECTOR AT  OPPOSITE DIRECTION,CHECK THE DISPLAY FRC CABLE QUALITY AND LCD QUALITY,REPLACE THE DISPLAY,,,,,,,,,,,,,,,,,,
,,,DISPLAY SHOWN HALF PORTION ONLY,CHECK THE DPST TO LCD FRC CABLE AND CONNECTOR QUALITY,REPLACE THE DPST TO LCD CABLE,CHECK THE DISPLAY MODULE FUNCTIONALITY,REPLACE THE LCD MODULE,CHECK THE DPST BOARD FUNCTIONALITY,REPLACE THE DPST BOARD,,,,,,,,,,,,,,,,,,
,,,RTC TIME NOT SAVED - RESTART TIME TIME CHANGED(RE-SETTED),CHECK THE CMOS BATTERY VOLTAGE ABOVE 2V,REPLACE THE CMOS BATTERY,CHECK THE U5 AND PROCESSOR CONNECTING LINE SOLDERING,RE-SOLDER THAT CONNECTION,,,,,,,,,,,,,,,,,,,,
,,,RTC TIME NOT RUNNING ,CHECK THE U5 IC CRYSTAL - Y3 AND ALSO CHECK C37 & C38,REPLACE THE Y3 CRYSTAL AND C37&C38,,,,,,,,,,,,,,,,,,,,,,
,,,DPST KEY PAD NOT WORKING,CHECK THE DIRECTION OF THE KEYPAD FRC-10 CABLE CONNECTOR,CONNECT THE FRC-10 CONNECTOR AT  OPPOSITE DIRECTION,CHECK THE DPST KEYPAD QUALITY,REPLACE THE DPST KEYPAD,CHECK THE DPST BOARD QUALITY,REPLACE THE DPST BOARD,,,,,,,,,,,,,,,,,,
,,,USB INITIALIZATION ERROR SHOWN,CHECK THE DPST TO BACKPANEL CABLE QUALITY AND DIRECTION OF THE FRC CONNECTOR,REPLACE THE FRC CABLE OR CONNECT THE FRC CONNECTOR AT  OPPOSITE DIRECTION,CONNECT THE NEW BACK PANEL BOARD AND CHECK,REPLACE THE DPST BOARD,,,,,,,,,,,,,,,,,,,,
,,,WEIGHING SCALE NOT WORKING,CHECK THE REQUIRED SETTINGS IS APPLIED,SET THE REQUIRED SETTINGS VALUES,CHECK THE SCALE INTERFACING CABLE CONNECTIVITY,REPLACE THE CABLE,CHECK THE BACK PANEL TO DPST SCALE CABLE,REPLACE THE BACK PANEL TO DPST SCALE CABLE,CHECK THE BACKPANEL PCB FUNCTANALITY,REPLACE THE BACKPANEL PCB,CHECK THE DPST BOARD FUNCTANALITY,REPLACE THE DPST BOARD,,,,,,,,,,,,,,
,,,COMPUTER OUTPUT NOT PRESENT,CHECK THE DATAOUTPUT FORMAT OF THE ANALYZER SETTINGS,SET THE REQUIRED SETTINGS VALUES,CHECK THE MACHINE COMPUTER OUT TO COMPUTER CABLE CONNECTIVITY,REPLACE THE COMPUTER OUT TO COMPUTER CABLE,CHECK THE ANALYZER MAIN BOARD TO BACKPANEL INTERFACING CABLE,REPLACE THE ANALYZER MAIN BOARD TO BACKPANEL INTERFACING CABLE,CHECK THE BACKPANEL PCB FUNCTANALITY,REPLACE THE BACKPANEL PCB,CHECK THE ANALYZER MAIN BOARD FUNCTANALITY,REPLACE THE ANALYZER MAIN BOARD,,,,,,,,,,,,,,
,,,EXTERNAL DISPLAY DATA NOT PRESENT,CHECK THE MACHINE EXTERNAL DISPLAY OUT TO DISPLAY CABLE CONNECTIVITY,REPLACE THE MACHINE EXTERNAL DISPLAY OUT TO DISPLAY CABLE,CHECK THE DPST BOARD TO BACKPANEL EXTERNAL DISPLAY CABLE,REPLACE THE DPST BOARD TO BACKPANEL EXTERNAL DISPLAY CABLE,CHECK THE BACKPANEL PCB FUNCTANALITY,REPLACE THE BACKPANEL PCB,CHECK THE DPST BOARD FUNCTANALITY,REPLACE THE DPST BOARD,,,,,,,,,,,,,,,,
,,,RATE NOT TAKEN FROM THE CHART / NOT VIEW,CHECK THE SD CARD IS OK ,REPLACE THE SD CARD,CHECK THE RATE CHART FILE IS SAVED IN THE SD CARD,CHECK THE SAVED FILE TYPE AND DATAS FORMAT IN CSV,SAVE TO THE CORRECT FORMAT AND TYPE ( CSV ) OF  FILE,CHECK THE DPST BOARD FUNCTANALITY,REPLACE THE DPST BOARD,,,,,,,,,,,,,,,,,
,,,FARMER DETAILS NOT SHOWN,CHECK THE SD CARD IS OK ,REPLACE THE SD CARD,CHECK THE RATE CHART FILE IS SAVED IN THE SD CARD,CHECK THE SAVED FILE TYPE AND DATAS FORMAT IN CSV,SAVE TO THE CORRECT FORMAT AND TYPE ( CSV ) OF  FILE,CHECK THE DPST BOARD FUNCTANALITY,REPLACE THE DPST BOARD,,,,,,,,,,,,,,,,,
,,,ANALYZER CONNECTIVITY ERROR SHOWN,CHECK THE ANALYZER TO DPST BOARD INTERFACING CABLE AND CONNECTOR QUALITY,REPLACE THE ANALYZER TO DPST BOARD INTERFACING CABLE,CHECK THE ANALYZER MAIN BOARD FUNCTANALITY,REPLACE THE ANALYZER MAIN BOARD,CHECK THE ANALYZER DPST BOARD FUNCTANALITY,REPLACE THE DPST BOARD,,,,,,,,,,,,,,,,,,
,,,WIFI/GSM MODULE ERROR SHOWN,CHECK THE WIFI/GSM SETTINGS DETAILS,ENTER THE REQUIRED SETTINGS,CHECK THE DPST TO BACKPANEL FRC CABLE AND CONNECTION DIRECTION,REPLACE THE FRC CABLE OR RE CONNECT THE FRC CABLE AT CORRECT DIRECTION,CHECK THE WIFI/GSM MODULE BREATHING LED IS WORKING,REPLACE THE WIFI/GSM MODULE,CHECK THE ANTENNA SMA CABLE CONNECTION QUALITY AND ANTENNA CONNECTOR QUALITY,REPLACE THE ANTENNA AND SMA CABLE,,,,,,,,,,,,,,,,
,,,SMS NOT SEND TO THE FARMER,CHECK THE GSM/SIM MODULE CONNECTIVITY (INSERTED SIM DIRECTION ) AND CHECK THE SIM VALIDITY,CORRECT THE MODULE/SIM CONNECTIVITY AND EXTEND THE SIM VALIDITY,CHECK THE FARMER DETAILS ENTERED ARE CORRECT,PROPERLY ENTER THE FARMER DETAILS,CHECK THE ENTERED SMS ENABLE SETTINGS ARE CORRECT,ENTER THE CORRECT SETTINGS,,,,,,,,,,,,,,,,,,
,,,TESTED RESULT TO CLOUD UPDATION ERROR SHOWN,CHECK THE WIFI/GSM CONNECTIVITY,ENTER THE PROPER SETTINGS AND SET THE WIFI/GSM MODULE CONNECTIVITY,CHECK THE ENTERED THE CLOUD DETAILS ARE CORRECT,PROPER CLOUD ADDRESS AND DETAILS ARE ENTER,CHECK THE SAME MACHINE ID AND MODEL DETAILS ARE ENTERED IN THE CLOUD APPLICATION-(MACHINE REGISTRATION),ENTER THAT MACHINE ID AND MODEL IN THE WEB APPLICATION,,,,,,,,,,,,,,,,,,
,,,CHART FILE NOT SHOWN / FARMER DETAILS NOT SAVED / COLLECTION NOT SAVED,CHECK THE SD CARD FILE FORMAT TYPE- ( USE FAT SYSTEM ),FORMAT THE SD CARD AT FAT FILE SYSTEM USE THE COMPUTER,CHECK THE SD CARD IS DETECTED THE MACHINE ( READ /WRITABLE ),FORMAT THE SD CARD USE THAT MACHINE,,,,,,,,,,,,,,,,,,,,
,,,SAMPLE TESTING TIME THE COUNT CONTINUOUSLY COUNTED ( ABOVE 50 SECOND ),CHECK THE DPST BOARD TO ANALYZER MAIN BOARD INTERFACE CABLE AND CONNECTOR CONNECTIVITY,REPLACE THE DPST BOARD TO ANALYZER MAIN BOARD,CHECK THE DPST BOARD FUNCTIONALITY,REPLACE THE DPST BOARD,CHECK THE ANALYZER MAIN BOARD FUNCTIONALITY,REPLACE THE ANALYZER MAIN BOARD ,,,,,,,,,,,,,,,,,,
,,,DPST BOARD TO ANALYZER MAIN BOARD COMMUNICATION NOT PROPERLY WORKING,"CHECK THE ANALYZER MAINBOARD MACHINE MODEL SELECTION IS ""ECOD""",,,,,,,,,,,,,,,,,,,,,,,
,,,PENDRIVE DETECTION FAILURE,CHECK THE PENDRIVE FUNCTIONALITY AND PENDRIVE FILE FORMAT IS FAT FILE SYSTEM,CHANGE THE PENDRIVE FILE FORMAT SET THE FAT FILE SYSTEM,CHECK THE BACKPANEL BOARD FUCTIONALITY,REPLACE THE BACKPANEL BOARD,,,,,,,,,,,,,,,,,,,,
,,,EXTERNAL KEYBOARD NOT DETECTED,CHECK THE DPST BOARD TO BACKPANEL BOARD FRC CABLE QUALITY AND CONNECTOR DIRECTION,REPLACE THE DPST TO BACKPANEL FRC CABLE AND RE CONNECT THE CABLE AT PROPER DIRECTION,CHECK THE BACKPANEL BOARD FUCTIONALITY,REPLACE THE BACKPANEL BOARD,CHECK THE DPST BOARD FUNCTIONALITY,REPLACE THE DPST BOARD,,,,,,,,,,,,,,,,,,
,,,EXTERNAL DISPLAY NOT WORKING,CHECK THE DPST BOARD TO BACKPANEL BOARD FRC CABLE QUALITY AND CONNECTOR DIRECTION,REPLACE THE DPST TO BACKPANEL FRC CABLE AND RE CONNECT THE CABLE AT PROPER DIRECTION,CHECK THE BACKPANEL BOARD FUCTIONALITY,REPLACE THE BACKPANEL BOARD,CHECK THE DPST BOARD FUNCTIONALITY,REPLACE THE DPST BOARD,CHECK THE EXTERNAL DISPLAY INTERFACING CABLE,REPLACE THE EXTERNAL DISPLAY INTERFACING CABLE,,,,,,,,,,,,,,,,
,,,PRINTER NOT WORKING,CHECK THE PRINTER POWER SUPPLY - 8 TO 9V,CHANGE THE POWER CABLE OR PRINTER SUPPLY BOARD,CHECK THE PRINTER FUNCTIONALLY WORKING - SELF TEST PRINTOUT,CHANGE THE PRINTER,CHECK THE PRINTER SETTINGS,CHANGE THE SETTINGS,CHECK THE COMMUNICATION CABLE,CHANGE THE CABLE,,,,,,,,,,,,,,,,
,,PUMP ,PUMP NOT WORKING,CHECK THE ANALYZER MAINBOARD BREATHING LIGHT IS WORKING,REPLACE THE ANALYZER BOARD,CHECK THE MOTOR CABLE AND CONNECTOR CONNECTIVITY,REPLACE THE MOTOR,CHECK THE MOTOR MOTION SENSING BOARD CABLE AND CONNECTOR CONNECTIVITY,REPLACE THE CABLE,CHECK THE MOTOR MOTION SENSOR BOARD FUNCTANALITY,REPLACE THE MOTOR MOTION SENSOR BOARD,CHECK THE MOTOR DRIVER MODULE QUALITY,REPLACE THE MOTOR DRIVER MODULE,CHECK THE ANALYZER MAINBOARD FUNCTIONALITY,REPLACE THE ANALYZER MAINBOARD,,,,,,,,,,,,
,,,PUMP NUT AND BOLT MOVE TO ONESIDE ONLY AND HIT INTO THE CLAMP,CHECK THE MOTOR MOTION SENSING BOARD CABLE AND CONNECTOR CONNECTIVITY,REPLACE THE MOTOR MOTION SENSING BOARD CABLE,CHECK THE MOTOR MOTION SENSING BOARD FUNCTIONALITY,REPLACE THE MOTOR MOTION SENSING BOARD,CHECK THE ANALYZER MAINBOARD FUNCTIONALITY,REPLACE THE ANALYZER MAINBOARD,,,,,,,,,,,,,,,,,,
,,,PUMP SENSE ERROR,CHECK THE MOTOR MOTION SENSING BOARD CABLE AND CONNECTOR CONNECTIVITY,REPLACE THE MOTOR MOTION SENSING BOARD CABLE,CHECK THE MOTOR MOTION SENSING BOARD FUNCTIONALITY,REPLACE THE MOTOR MOTION SENSING BOARD,CHECK THE ANALYZER MAINBOARD FUNCTIONALITY,REPLACE THE ANALYZER MAINBOARD,,,,,,,,,,,,,,,,,,
,,ECOD/ECOSV/LSES V3 BATTERY PROBLEMS ,LOW BATTERY ERROR SHOWN,CHECK THE BATTERY VOLT ABOVE 11.5V,REPLACE THE BATTERY,CHECK THE SOLARCHARGER BOARD TO ANALYZER INTERFACE CABLE CONNECTIVITY,REPLACE THE SOLARCHARGER BOARD TO ANALYZER INTERFACE CABLE,CHECK THE ANALYZER MAINBOARD FUNCTIONALITY,REPLACE THE ANALYZER MAINBOARD,CHECK THE SOLAR CHARGER BOARD FUNCTANALITY,REPLACE THE SOLAR CHARGER BOARD,,,,,,,,,,,,,,,,
,,,BATTERY FULL LED INDICATION NOT WORKING,CHECK THE ANALYZER MAINBOARD IS COMPLETED THE WARMING PROCESS,APPLY TO CANCELLED THE WARMING PROCESS,CHECK THE VOLTAGE OF THE BATTERY ABOVE 14.3V,CHARGE THE BATTERY AT FULL,CHECK THE CHARGER BOARD TO ANALYZER MAINBOARD INTERFACING CABLE AND CONNECTOR QUALITY,REPLACE THE CHARGER BOARD TO ANALYZER MAINBOARD INTERFACING CABLE,CHECK THE VOLTAGE OF THE SOLAR CHARGER BOARD TO BATTERY CABLE LINE WITHOUT CONNECT THE BATTERY (14.45V),ADJUST TRIMPOT OF THE SOLAR CHARGER BOARD AND SET AT THE CHARGING VOLTAGE (SET AT 14.45V).,CHECK THE BATTERY FULL INDICATION LED IS WORKING,REPLACE THE BATTERY FULL INDICATION LED,CHECK THE ANALYZER MAIN BOARD TO LED CABLE AND CONNECTOR CONNECTIVITY,REPLACE THE CABLE,CHECK THE ANALYZER MAINBOARD FUNCTIONALITY,REPLACE THE ANALYZER MAINBOARD,,,,,,,,,,
,,"ANALYZER MAINBOARD RELATED FAILURE - LSE V3,ECOV,ECOSV",T2/TEMP.SET ERROR,CHECK THE LEAKAGE/BLOCK OF THE SAMPLE SUCKING SECTIONS,,CHECK THE INLET PIPE IS BROKEN OR BLOCKED,REPLACE THE INLET PIPE,CHECK THE INLET TUBE TO PREHEATER SILICON TUBE BROKEN OR LOOSE,REPLACE THE SILICON TUBE OR TIE THE SILICON TUBE,CHECK THE PRE HEATER TO SENSOR SILICON TUBE IS BROKEN OR LOOSE,REPLACE THE SILICON TUBE OR TIE THE SILICON TUBE,CHECK THE SENSOR TO SYRINGE SILICON TUBE BROKEN OR LOOSE,REPLACE THE SILICON TUBE OR TIE THE SILICON TUBE,CHECK THE SYRINGE IS DAMAGE,REPLACE THE SYRINGE,CHECK THE BELLOW TO L-PLUG SILICON TUBE IS BROKEN OR LOOSE AND ALSO CHECK ANY BUR OR OTHER PARTICLE HOLDED IN THE INNER SIDE OF THE SILICON TUBE AND BELLOW INLET SIDE,REPLACE THE SILICON TUBE OR BUR,CHECK THE L-PLUG BROKEN AND ALSO CHECK THE L-PLUG O-RING QUALITY,REPLACE THE L-PLUG OR O-RING,CHECK THE BELLOW QUALITY,REPLACE THE BELLOW,CHECK THE SENSOR INNER BOX SIDE ANY LEAKAGE/BLOCK RELATED ISSUES,REPLACE THE MAINBOARD AND SENSOR BOARD PAIR,CHECK THE MAINBOARD FUNCTIONALITY,REPLACE THE MAINBOARD AND SENSOR BOARD PAIR,,
,,,BOX TEMP ERROR,CHECK THE JUMPER QUALITY OF THE MAINBOARD TO SENSOR BOARD SUPPLY LINE,REPLACE THE JUMPER,CHECK THE SENSOR BOARD FUNCTIONALITY,REPLACE THE SENSOR BOARD,CHECK THE MAINBOARD FUNCTIONALITY,REPLACE THE MAINBOARD AND SENSOR BOARD PAIR,,,,,,,,,,,,,,,,,,
,,,SAMPLE NOT FOUND/AIR IN MILK,CHECK THE SAMPLE SUCKING SECTION ANY LEAKAGE/BLOCK,REPLACE THE DAMAGE ITEM,CHECK THE MAINBOARD FUNCTIONALITY,REPLACE THE MAINBOARD AND SENSOR BOARD PAIR,,,,,,,,,,,,,,,,,,,,
,,,PLUNGE IN WATER/WATER IN SENSOR,CHECK THE SAMPLE LIQUID PRESENTS IN THE SENSOR TUBE,REMOVE THE SAMPLE LIQUID,CHECK THE MAINBOARD FUNCTIONALITY,REPLACE THE MAINBOARD AND SENSOR BOARD PAIR,,,,,,,,,,,,,,,,,,,,
,,,HOT SAMPLE ERROR,CHECK THE TEST SAMPLE TEMPERATURE BELOW 40 DEGREE,REPLACE THE SAMPLE,CHECK THE SENSOR BOARD FUNCTIONALITY,REPLACE THE MAINBOARD AND SENSOR BOARD PAIR,CHECK THE MAINBOARD FUNCTIONALITY,REPLACE THE MAINBOARD AND SENSOR BOARD PAIR,,,,,,,,,,,,,,,,,,
,,,COUNT ZERO / RESULT ZERO,CHECK THE SENSOR BLOCK / LEAKAGE AND TEST COUNT VALUE,CLEAN THE SENSOR ,CHECK THE SENSOR GAIN SET AT PROPER VALUE,SET THE NORMAL GAIN SETTINGS,CHECK THE SENSOR BOARD FUNCTIONALITY,REPLACE THE SENSOR BOARD,CHECK MAIN BOARD FUNCTIONALITY,REPLACE THE MAINBOARD AND SENSOR PAIR,,,,,,,,,,,,,,,,
,,,READING VARIATION,CHECK THE SENSOR AND SILICONE TUBES ARE CLEANED,CLEAN THE SENSOR AND SILICONE TUBES,CHECK THE SENSOR GAIN SET AT PROPER VALUE,SET THE NORMAL GAIN SETTINGS,CHECK THE PROPER OFFSET APPLY AND TEST READING,REPLACE THE MAINBOARD AND SENSOR BOARD PAIR,CHECK MAIN BOARD FUNCTIONALITY,REPLACE THE MAINBOARD AND SENSOR PAIR,,,,,,,,,,,,,,,,
,,,FAT SHOWN IN WATER,CHECK THE ANALYZER OTHER MILK SAMPLES TEST READINGS ARE 'OK',IF NOT OK CHECK THE CALIBRATION DETAILS,CHECK THE SENSOR AND TUBE WELL CLEANED,TO CLEAN THE SENSOR AND TUBE,APPLY WATER ZERO OPERATION AND TEST AGAIN,ENSURE THE PAIRED MAIN BOARD IS FUNCTIONALLY OK OTHERWISE BOARD REPLACE,,,,,,,,,,,,,,,,,,
,,,LCD CONTINIOUSLY SHOWING COMPUTER MODE,CHECK THE FRONTPANEL KEYPAD KEYS QUALITY,REPLACE THE KEYPAD,CHECK THE MAINBOARD FUNCTIONALITY,REPLACE THE MAINBOARD AND SENSOR BOARD PAIR,,,,,,,,,,,,,,,,,,,,
,,,LCD CONTINIOUSLY SHOWING VERSION,CHECK THE FRONTPANEL KEYPAD KEYS QUALITY,REPLACE THE KEYPAD,CHECK THE MAINBOARD FUNCTIONALITY,REPLACE THE MAINBOARD AND SENSOR BOARD PAIR,,,,,,,,,,,,,,,,,,,,
,,,WARMING STARTING TIME MACHINE WILL OFF/FUSE BURN,CHECK THE MAINBOARD FUNCTIONALITY - MOSFET FAILURE,REPLACE THE MAIN BOARD AND SENSOR BOARD PAIR,CHECK THE SENSOR BOARD COIL IS BURN,REPLACE THE MAIN BOARD AND SENSOR BOARD PAIR,CHECK THE ON/OFF SWITCH FUNCTIONALITY AND FUSE CARRER&FUSE IS TIGHT,REPLACE THE SWITCH OR RE-SET THE FUSE AND FUSE CARRIER,CHECK THE POWER CABLE OR CONNECTOR IS LOOSE,REPLACE THE FAULTY ITEM,,,,,,,,,,,,,,,,
,,,PENDRIVE AND KEYBOARD NOT DETECTED,CHECK THE MAINBOARD USB SETTING IS CORRECT,CORRECT THE USB SETTINGS ,CHECK THE USB CONNECTOR AND INTERFACING CABLE,REPLACE THE CONNECTOR OR CABLE,CHECK THE MAINBOARD FUNCTIONALITY,REPLACE THE MAINBOARD AND SENSOR BOARD PAIR,,,,,,,,,,,,,,,,,,
,,,WIFI/GSM MODULE ERROR SHOWN,CHECK THE WIFI/GSM SETTINGS DETAILS,ENTER THE REQUIRED SETTINGS,CHECK THE MAINBOARD TO MODULES OR BACKPANEL FRC CABLE AND CONNECTION DIRECTION,REPLACE THE CABLE OR RE CONNECT THE CABLE AT CORRECT DIRECTION,CHECK THE WIFI/GSM MODULE BREATHING LED IS WORKING,REPLACE THE WIFI/GSM MODULE,CHECK THE ANTENNA SMA CABLE CONNECTION QUALITY AND ANTENNA CONNECTOR QUALITY,REPLACE THE ANTENNA AND SMA CABLE,,,,,,,,,,,,,,,,
,,,FRONTPANEL KEYPAD NOT WORKING,"CHECK THE KEYPAD,INTERFACING CABLE AND CONNECTOR QUALITY","REPLACE THE KEYPAD,INTERFACING CABLE AND CONNECTOR",CHECK THE MAINBOARD FUNCTIONALITY,REPLACE THE MAINBOARD AND SENSOR PAIR,,,,,,,,,,,,,,,,,,,,
,,,LCD NOT WORKING - BLANK DISPLAY,"CHECK THE LCD,INTERFACE CABLE AND CONNECTOR QUALITY","REPLACE THE LCD,INTERFACING CABLE AND CONNECTOR",CHECK THE MAINBOARD FUNCTIONALITY,REPLACE THE MAINBOARD AND SENSOR PAIR,,,,,,,,,,,,,,,,,,,,
,,,RTC TIME NOT RUNNING ,CHECK THE RTC MODULE IC CRYSTAL AND ALSO CHECK THE FILTER CAPACITORS,REPLACE THE CRYSTAL AND CAPACITORS,CHECK THE MAINBOARD FUNCTIONALITY,REPLACE THE MAINBOARD AND SENSOR PAIR,,,,,,,,,,,,,,,,,,,,
,,,COMPUTER OUTPUT NOT PRESENT,CHECK THE DATAOUTPUT FORMAT OF THE ANALYZER SETTINGS,SET THE REQUIRED SETTINGS VALUES,CHECK THE MACHINE COMPUTER OUT TO COMPUTER CABLE CONNECTIVITY,REPLACE THE COMPUTER OUT TO COMPUTER CABLE,CHECK THE MAINBOARD FUNCTIONALITY,REPLACE THE MAINBOARD AND SENSOR PAIR,,,,,,,,,,,,,,,,,,
,,,RTC TIME NOT SAVED - RESTART TIME TIME CHANGED(RE-SETTED),CHECK THE CMOS BATTERY VOLTAGE ABOVE 2V,REPLACE THE CMOS BATTERY,CHECK THE RTC MODULE AND MAINBOARD FUNCTIONALITY,REPLACE THE RTC MODULE OR MAINBOARD PAIR,,,,,,,,,,,,,,,,,,,,
,,,SMS NOT SEND TO THE FARMER,CHECK THE GSM/SIM MODULE CONNECTIVITY (INSERTED SIM DIRECTION ) AND CHECK THE SIM VALIDITY,CORRECT THE MODULE/SIM CONNECTIVITY AND EXTEND THE SIM VALIDITY,CHECK THE FARMER DETAILS ENTERED ARE CORRECT,PROPERLY ENTER THE FARMER DETAILS,CHECK THE ENTERED SMS ENABLE SETTINGS ARE CORRECT,ENTER THE CORRECT SETTINGS,,,,,,,,,,,,,,,,,,
,,,TESTED RESULT TO CLOUD UPDATION ERROR SHOWN,CHECK THE WIFI/GSM CONNECTIVITY,ENTER THE PROPER SETTINGS AND SET THE WIFI/GSM MODULE CONNECTIVITY,CHECK THE ENTERED THE CLOUD DETAILS ARE CORRECT,PROPER CLOUD ADDRESS AND DETAILS ARE ENTER,CHECK THE SAME MACHINE ID AND MODEL DETAILS ARE ENTERED IN THE CLOUD APPLICATION-(MACHINE REGISTRATION),ENTER THAT MACHINE ID AND MODEL IN THE WEB APPLICATION,,,,,,,,,,,,,,,,,,
,,,RATE NOT TAKEN FROM THE CHART / NOT VIEW,CHECK THE RATE CHART SETTINGS ENTERED PROPERLY,ENTER THE CORRECT SETTINGS,,,,,,,,,,,,,,,,,,,,,,
,,,FARMER DETAILS NOT SHOWN,CHECK THE FARMER DETAILS ARE ENTERED CORRECTLY,ENTER THE CORRECT DETAILS,,,,,,,,,,,,,,,,,,,,,,
,,,WEIGHING SCALE NOT WORKING,CHECK THE REQUIRED SETTINGS IS APPLIED,SET THE REQUIRED SETTINGS VALUES,CHECK THE MAIN BOARD TO BACKPANEL BOARD FRC CABLE QUALITY AND CONNECTOR DIRECTION,REPLACE THE MAIN TO BACKPANEL FRC CABLE AND RE CONNECT THE CABLE AT PROPER DIRECTION,CHECK THE BACKPANEL PCB FUNCTANALITY,REPLACE THE BACKPANEL PCB,CHECK THE MAIN BOARD FUNCTANALITY,REPLACE THE MAINBOARD AND SENSOR PAIR,CHECK THE WEIGHING SCALE INTERFACING CABLE,REPLACE THE WEIGHING SCALE INTERFACING CABLE,,,,,,,,,,,,,,
,,,EXTERNAL DISPLAY NOT WORKING,CHECK THE MAIN BOARD TO BACKPANEL BOARD FRC CABLE QUALITY AND CONNECTOR DIRECTION,REPLACE THE MAIN TO BACKPANEL FRC CABLE AND RE CONNECT THE CABLE AT PROPER DIRECTION,CHECK THE BACKPANEL BOARD FUCTIONALITY,REPLACE THE BACKPANEL BOARD,CHECK THE MAIN BOARD FUNCTIONALITY,REPLACE THE MAIN BOARD,CHECK THE EXTERNAL DISPLAY INTERFACING CABLE,REPLACE THE EXTERNAL DISPLAY INTERFACING CABLE,,,,,,,,,,,,,,,,
,,OTHERS,ANALYZER NOT WORKING,CHECK THE FUSE ,REPLACE THE FUSE,CHECK THE ADAPTER / BATTERY VOLTAGE ABOVE 11.5V,REPLACE THE ADAPTER / BATTERY,CHECK THE ON/OFF SWITCH FUNCTIONALITY,REPLACE THE ON/OFF SWITCH,CHECK THE INTERNAL BARDS SUPPLY LINE IS SHORTCIRCUIT,REPLACE THE SHORTED BOARD,CHECK THE INTERNAL SUPPLY LINE OPEN/LOOSE FAULT ,REPLACE THE FAULTY CONNECTOR/CABLES,,,,,,,,,,,,,,